{
  "rho": 10.0,
  "steps": [
    {
      "basis": "coarse [0,1,2,3] global",
      "NF": 2500,
      "relL2": 0.02252770876483913,
      "Linf": 0.011615911044933425,
      "kink": 0.06885332975637759,
      "cond": 3.374009040323826e+19,
      "sec": 51.6444411277771
    },
    {
      "basis": "+ band[4]",
      "NF": 2948,
      "relL2": 0.003374064192693853,
      "Linf": 0.004339094850638797,
      "kink": 0.002228482949122368,
      "cond": 5.530737319121851e+18,
      "sec": 86.3947823047638
    },
    {
      "basis": "+ band[4,5]",
      "NF": 4764,
      "relL2": 0.001684070666583375,
      "Linf": 0.0011485408656302376,
      "kink": 0.010005974600891365,
      "cond": 4.794583155337045e+20,
      "sec": 796.4512791633606
    },
    {
      "basis": "+ band[4,5,6]",
      "NF": 12028,
      "relL2": 0.3440441043101987,
      "Linf": 0.14235938702754947,
      "kink": 9.738524386443826,
      "cond": 2.7966420085470014e+32,
      "sec": 5306.8621916770935
    }
  ]
}