{
  "W-PINN coarse [0,1,2]": {
    "relL2": 1.9894927552407289,
    "MSE": 0.7349602075800057,
    "RMSE": 0.8572982022493724,
    "MAE": 0.4458007319418879,
    "Linf": 5.872331114408482,
    "relLinf": 3.4852651666272183,
    "NF": 625,
    "sec": 1.9
  },
  "W-PINN medium [0,1,2,3]": {
    "relL2": 0.22950262511188724,
    "MSE": 0.009780350455857999,
    "RMSE": 0.09889565438308197,
    "MAE": 0.027506957924023342,
    "Linf": 1.6295794296969235,
    "relLinf": 0.9671655620098717,
    "NF": 2500,
    "sec": 10.8
  },
  "W-PINN banded [0,1,2,3]+[4,5]@bumps": {
    "relL2": 0.10189369671903324,
    "MSE": 0.0019278522188408075,
    "RMSE": 0.0439073139561145,
    "MAE": 0.01523010873641381,
    "Linf": 0.7224143728942356,
    "relLinf": 0.42875743902474805,
    "NF": 2619,
    "sec": 11.7
  },
  "RBF-PIELM (matched NF)": {
    "relL2": 0.1621401569973586,
    "MSE": 0.004881578532615373,
    "RMSE": 0.06986829418710158,
    "MAE": 0.0565932047479486,
    "Linf": 0.16166228236019106,
    "relLinf": 0.09594757354280804,
    "NF": 2619,
    "sec": 56.2
  },
  "vanilla PINN (4k Adam)": {
    "relL2": 0.03487891610810849,
    "MSE": 0.00022589419095097959,
    "RMSE": 0.015029776809752685,
    "MAE": 0.010538440498288249,
    "Linf": 0.15211689792516542,
    "relLinf": 0.09028232830623872,
    "NF": 8577,
    "sec": 211.5
  }
}