{
  "medium [0,1,2,3]": {
    "NF": 2500,
    "relL2_direct": 0.22950262511188724,
    "cond_direct": 3.464799155084037e+17,
    "NF_kept": 1210,
    "relL2_rrqr": 0.31101654171953536,
    "cond_rrqr": 400802279.3789774,
    "Linf_direct": 1.6295794296969235,
    "Linf_rrqr": 2.1271289124066244
  },
  "banded [0,1,2,3]+[4,5]": {
    "NF": 2619,
    "relL2_direct": 0.10189369671903324,
    "cond_direct": 6.265779508508946e+18,
    "NF_kept": 1298,
    "relL2_rrqr": 0.13131535548689574,
    "cond_rrqr": 410529331.90626305,
    "Linf_direct": 0.7224143728942356,
    "Linf_rrqr": 0.9221672716019833
  },
  "rich [0,1,2,3]+[4,5,6]": {
    "NF": 2619,
    "relL2_direct": 0.10189369671903324,
    "cond_direct": 6.265779508508946e+18,
    "NF_kept": 1298,
    "relL2_rrqr": 0.13131535548689574,
    "cond_rrqr": 410529331.90626305,
    "Linf_direct": 0.7224143728942356,
    "Linf_rrqr": 0.9221672716019833
  }
}