{
  "10": {
    "wavelet": {
      "relL2": 0.001684070666583375,
      "Linf": 0.0011485408656302376,
      "NF": 4764
    },
    "rbf_pielm_best": {
      "relL2": 0.08971552354124594,
      "Linf": 0.03334213121482427,
      "NF": 4764,
      "eps": 5.0
    },
    "xpinn": {
      "relL2": 2.648747962790587,
      "Linf": 0.7897729702822149
    },
    "vanilla": {
      "relL2": 4.4506272171424435,
      "Linf": 1.102623500319576
    },
    "NF": 4764
  },
  "1000": {
    "wavelet": {
      "relL2": 0.0010153261437392178,
      "Linf": 0.0005057343866584777,
      "NF": 4764
    },
    "rbf_pielm_best": {
      "relL2": 0.010969049360830645,
      "Linf": 0.010988117826649588,
      "NF": 4764,
      "eps": 12.0
    },
    "xpinn": {
      "relL2": 1.9834848492953179,
      "Linf": 0.5897833178617549
    },
    "vanilla": {
      "relL2": 1.006346607704664,
      "Linf": 0.3037201816306325
    },
    "NF": 4764
  }
}