{
  "main": [
    {
      "rho": 10.0,
      "NFo": 3177,
      "NF": 3926,
      "relL2": 0.00033301802194304024,
      "RMSE": 0.00018348950515997904,
      "MAE": 0.00010345248866317303,
      "Linf": 0.0011314249310786745,
      "relLinf": 0.0011314729074666037,
      "ujump": 0.0002566154183233915,
      "fjump": 0.007887681168179395,
      "per_incl": [
        6.34038589459052e-05,
        9.543509149003211e-05,
        0.00010390535260481513,
        6.140600917509877e-05,
        2.8460619305799262e-05
      ],
      "cond": 7.325810748450113e+26,
      "sec": 41.587108850479126
    },
    {
      "rho": 100.0,
      "NFo": 3177,
      "NF": 3926,
      "relL2": 0.0010242778444182865,
      "RMSE": 0.0005643665580681022,
      "MAE": 0.00033153939385853297,
      "Linf": 0.004761180143423283,
      "relLinf": 0.004761382034171213,
      "ujump": 0.0033107610135383325,
      "fjump": 0.006990068180378728,
      "per_incl": [
        0.0004916682090256335,
        0.0003176380404132796,
        0.0007904964295655029,
        0.00025905659813713153,
        0.0004369571885061923
      ],
      "cond": NaN,
      "sec": 41.591569662094116
    },
    {
      "rho": 1000.0,
      "NFo": 3177,
      "NF": 3926,
      "relL2": 0.0006883766500862845,
      "RMSE": 0.00037928845457385054,
      "MAE": 0.00021070085090105266,
      "Linf": 0.005978486279347051,
      "relLinf": 0.005978739788147404,
      "ujump": 0.006514702702093977,
      "fjump": 0.005191509833593955,
      "per_incl": [
        0.0008009296526273739,
        0.0002745220475484396,
        0.0013906347693870235,
        0.0003314661757583791,
        0.00027978163159581086
      ],
      "cond": NaN,
      "sec": 37.78439259529114
    }
  ],
  "hetero": {
    "rho_i": [
      10.0,
      100.0,
      1000.0,
      50.0,
      500.0
    ],
    "NFo": 3177,
    "NF": 3926,
    "relL2": 0.01669001206721982,
    "RMSE": 0.009196025000268745,
    "MAE": 0.0043887415379909945,
    "Linf": 0.11136198904935085,
    "relLinf": 0.11136671118852284,
    "ujump": 0.019870527250228642,
    "fjump": 0.12297829564022322,
    "per_incl": [
      0.009022921383000385,
      0.003211149726935365,
      0.005730633713323914,
      0.004024902670604288,
      0.004605636363700553
    ],
    "cond": NaN,
    "sec": 37.769705057144165
  },
  "ablate": [
    {
      "name": "coarse-only [0,1,2,3]",
      "NF": 3243,
      "relL2": 0.0006927818428314767,
      "Linf": 0.005980783349480934,
      "fjump": 0.005151625635903656,
      "sec": 20.905283451080322
    },
    {
      "name": "coarse + radius-scaled band",
      "NF": 3920,
      "relL2": 0.0006883766500862845,
      "Linf": 0.005978486279347051,
      "fjump": 0.005191509833593955,
      "sec": 57.43208312988281
    }
  ],
  "topo": [
    {
      "m": 2,
      "NF": 3154,
      "relL2": 0.0005517266631087365,
      "worst_incl": 0.0005492600767890977,
      "Linf": 0.0024930107121911944,
      "sec": 279.06480956077576
    },
    {
      "m": 3,
      "NF": 3497,
      "relL2": 0.001117401969846695,
      "worst_incl": 0.0008624598326339533,
      "Linf": 0.004744675755154855,
      "sec": 180.5121169090271
    },
    {
      "m": 4,
      "NF": 3665,
      "relL2": 0.0010572409350790924,
      "worst_incl": 0.0008120871499339141,
      "Linf": 0.004748289749609477,
      "sec": 198.43073964118958
    },
    {
      "m": 5,
      "NF": 3920,
      "relL2": 0.0010242778444182865,
      "worst_incl": 0.0007904964295655029,
      "Linf": 0.004761180143423283,
      "sec": 188.7913317680359
    },
    {
      "m": 6,
      "NF": 4148,
      "relL2": 0.0010110959723443507,
      "worst_incl": 0.0007951681286490844,
      "Linf": 0.004786596528118913,
      "sec": 37.945576667785645
    }
  ]
}